<?xml version="1.0" encoding="US-ASCII"?>
<D3_SENSORS DATE ="7may2010" VERSION="1.0">
<ADC ID="1001" TYPE="SAR">
	<NAME> AUD_AD7980 </NAME>
	<PART> AD7980 </PART>
	<MFG> Analog Devices </MFG>
	<NBITS> 16 </NBITS>
	<INPUTS> ECG, MAG, ACC, PRESSURE, V </INPUTS>
	<VREF UNIT="VOLTS"> 3 </VREF>
	<REFDES BOARD="AUDIO"> U3 </REFDES>
	<CODING> BINARY </CODING>
	<GAIN> 1 </GAIN>
	<SENS UNIT="unit/V"> 0.33333 </SENS>
</ADC>

<ADC ID="2001" TYPE="SAR">
	<NAME> AUD_AD7980 </NAME>
	<PART> AD7980 </PART>
	<MFG> Analog Devices </MFG>
	<NBITS> 16 </NBITS>
	<INPUTS> GYRO, ACC, V </INPUTS>
	<VREF UNIT="VOLTS"> 3 </VREF>
	<REFDES BOARD="GYRO"> U10 </REFDES>
	<CODING> BINARY </CODING>
	<GAIN> 1 </GAIN>
	<SENS UNIT="unit/V"> 0.33333 </SENS>
</ADC>

<SENSOR ID="1101" TYPE="MAG" AXIS="X" SIGN="p">
	<NAME> MAG_HMC1043_MUX_Xp </NAME>
	<PART> HMC1043 </PART>
	<MFG> Honeywell </MFG>
	<TYPE> BRIDGE </TYPE>
	<RESISTANCE UNIT="OHMS"> 1000 </RESISTANCE>
	<REFDES BOARD="AUDIO"> U46 </REFDES>
	<AMP METHOD="MUX"/>
	<GAIN> 194.38 </GAIN>
	<SENS UNIT="V/microT/mA"> 0.00001 </SENS>
	<UNIT> microT </UNIT>
	<ANTIALIAS TYPE="1pole" UNIT="Hz"> 234 </ANTIALIAS>
</SENSOR>

<SENSOR ID="1111" TYPE="MAG" AXIS="X" SIGN="m">
</SENSOR>
<SENSOR ID="1102" TYPE="MAG" AXIS="Y" SIGN="p" >
</SENSOR>
<SENSOR ID="1112" TYPE="MAG" AXIS="Y" SIGN="m">
</SENSOR>
<SENSOR ID="1103" TYPE="MAG" AXIS="Z" SIGN="p">
</SENSOR>
<SENSOR ID="1113" TYPE="MAG" AXIS="Z" SIGN="m">
</SENSOR>

<SENSOR ID="1201" TYPE="ACC" AXIS="X">
	<NAME> ACC_KXSC7_1050_X </NAME>
	<PART> KXSC7-1050 </PART>
	<MFG> Kionix </MFG>
	<TYPE> MEMS </TYPE>
	<REFDES BOARD="AUDIO"> U1 </REFDES>
	<GAIN> 1 </GAIN>
	<SENS UNIT="V/g"> 0.6 </SENS>
	<UNIT> g </UNIT>
	<ANTIALIAS TYPE="1pole" UNIT="Hz"> 49.7 </ANTIALIAS>
</SENSOR>

<SENSOR ID="1202" TYPE="ACC" AXIS="Y">
</SENSOR>
<SENSOR ID="1203" TYPE="ACC" AXIS="Z">
</SENSOR>

<SENSOR ID="1301" TYPE="PRESSURE">
	<NAME> PRES_K1_10B_INA333 </NAME>
	<PART> Series 1 TAB 10bar </PART>
	<MFG> Keller </MFG>
	<TYPE> BRIDGE </TYPE>
	<REFDES BOARD="AUDIO"> U64 </REFDES>
	<RESISTANCE UNIT="OHMS"> 3500 </RESISTANCE>
	<AMP METHOD="INA"> INA333 </AMP>
	<GAIN> 20.12 </GAIN>
	<SENS UNIT="V/bar/mA"> 0.00225 </SENS>
	<UNIT> bar </UNIT>
	<ANTIALIAS TYPE="1pole" UNIT="Hz"> 45.5 </ANTIALIAS>
</SENSOR>

<SENSOR ID="2401" TYPE="GYRO" AXIS="X">
	<NAME> GYRO_IDG500_X </NAME>
	<PART> IDG500 </PART>
	<MFG> Invensense </MFG>
	<TYPE> MEMS </TYPE>
	<REFDES BOARD="GYRO"> U5 </REFDES>
	<GAIN> 1 </GAIN>
	<SENS UNIT="V/(degrees/sec)"> 0.002 </SENS>
	<UNIT> degrees/sec </UNIT>
	<ANTIALIAS TYPE="1pole" UNIT="Hz"> 47.94 </ANTIALIAS>
</SENSOR>

</D3_SENSORS>
